last_name, first_name
Alexander,Rasheed
Alldredge,Brett
Allen-Hill,Glenda
Alloggiamento,Julia
Almada,Manuel
Alva,Jose
Alvarez,Claudia
Alvarez,Donald
Alvarez,Frank
Alvarez,Olga
Amador,Robert
Ameral,Ann
Amerian,Michael
Amin,Marsha
Anderholt,L. Brooks
Anderle,Thomas
Anderson,Johnnetta
Anderson,Marla
Anderson,Matthew
Anderson III,Clifford
Apaloo,Khymberli
Apkarian,Gassia
Apkarian,Isabel
Arakaki,Akemi
Arand,Mary
Arax,Brian
Archuleta,Debra
Arguelles,James
Arian,Lee
Armand,Jason
Armendariz,Maria
Armour,Carlos
Arnold,Mark
Arroyo,Jacqueline
Arthur,Craig
Asberry,Irma
Ash,Carol
Ashby,David
Ashmann-Gerst,Judith
Ashvanian,Armenui
Ashworth,Vicki
Athanasiou,Kirk
Austin,Brian
Averill,Shelly
Avila,Wendy
Awoniyi,Bunmi
Ayers,Nancy
Ayoob,Donald
Babineau,Kelly
Bacal,Katherine
Bacciarini,Mark
Bacigalupo,Paul
Badhan,Rita
Badhan-Smith,Neetu
Bae,Judy
Baelly,Paul
Bailey,Julian
Baio,Rocky
Baker,Lamar
Baker,Stephen
Baltodano,Hernaldo
Bamattre-Manoukian,Patricia
Banke,Kathleen
Banuelos,Blanca
Barclay,Francis
"Barmann, Jr.",Bernard
Barnes,Craig
Baron,Abigail
Barrera,Mario
Barrera II,Gus
Barreto,Fernanda
Barrett,Thang
Baytieh,Ebrahim
Bean,Sandra
Beaudet,Teresa
Beckloff,Mitchell
Bedsworth,William
Beebe,Jed
Begert,Michael
Behan,Wendy
Behar,Lori
Bejarano,Marissa
"Bell, Jr.",Charles
Belsky,Daniel
Beltramo,Shara
Belz,David
Benavides,Jose
Bender,Thomas
Bendix,Helen
Bendorf,Melanie
Benjamini,Dean
Benjamini,Emily
Bennett,Francis
Bennett,Jeffrey
Bensinger,Kerry
Bensinger,Kerry
Bensinger,Kerry
Benson,Stephen
Berger,David
Berle,Elihu
Bermudez,Angel
Bermudez,Eran
Bernal,Margaret
Bernal,Paul
Beronio,Janene
Berrier,Stephen
Berry,David
Bershon,Nicole
Bertoli,James
Bessey,Shawn
Bianco,D. Brett
Bianco,James
Bianco,John
Bicego,JoAnn
Bigelow,Molly
Bilash,Colin
Birchak,Frank
Bird,George
Birkmeyer,Laura
Bishay,Michael
Blackshaw,Julie
Blades,Steven
Blakely,Clifford
Blancarte,James
Blanchard,B. Kathleen
Blanco,Alicia
Blea,Dale
Blea III,Jacob
Blecher,Brooke
Blizzard,Thadd
Bloom,Richard
Blum,Andrew
Bocanegra,Arthur
Boccone-Gallo,Juliet
Boessenecker,Mark
Bogdanoff,Lee
Bogert,Tami
Bolanos,Suzanne
Bondonno,Franklin
Bonilla,David
Bonini,Griffin
Borjon,Keith
Bork,Terry
Borkon,Peter
Borrell,Mark
Bosley,Gia
Bottke,C. Todd
Boulware Eurie,Stacy
Bovee,Guy
Bowen,Christopher
Bowen,Colin
Bowers,Lauren
Bowers,Robert
Bowick,Stephanie
Bowman,Blaine
Bowman,Michael
Bradshaw,James
Brady,Laurel
Brand,Jeffrey
Brandolino,Joseph
Braner,Matthew
Brazil,Deborah
Brazile,Kevin
Breall,Susan
Brehmer,Charles
Brennan,Clayton
Brickey,Gabriel
Broadbelt III,Robert
Broderick,Patrick
Brodie,Kyle
Brody,Kenneth
Bromberg,Daniel
Bromberg,Steve
Brougham,Cathryn
Brougham,David
Brower,Matthew
Brown,David
Brown,Lawrence
Brown,Lynnette
Brown,Tracie
Brownlee,John
Bryant,Anita
Bryant-Deason,Susan
Buchanan,Martin
Buckelew,Brian
Buddle Jr.,Donald
